title,author,condition,price
Various Artists - The Rough Guide to Scottish Folk (Third Edition),by Various Artists,Audio CD,£6.49
John Paul White - The Hurting Kind,by John Paul White,Audio CD,£7.99
The Unthanks - Diversions Vol.2: The Unthanks With Brighouse And Rastrick Brass Band,by The Unthanks,Audio CD,£7.99
Skipinnish - Western Ocean,by Skipinnish,Audio CD,£9.99
Scottish Fiddle Rally Concert Highlights,by Various Artists,Audio CD,£4.49
"Celtic Woman - Decade: Celebrating 10 Years: The Songs, The Show, The Tradition, The Classics",by Celtic Woman,Undefined,£20.99
Eliza Carthy - The Definitive Collection,by Eliza Carthy,Audio CD,£3.59
Sandy Denny - 5 Classic Albums,by Sandy Denny,Audio CD,£10.99
Sarah McQuaid - When Two Lovers Meet,by Sarah McQuaid,Audio CD,£4.49
"The Corries - Live from Scotland, Vol. 1",by The Corries,Audio CD,£5.49
June Tabor & Oysterband - Ragged Kingdom,by June Tabor & Oysterband,Audio CD,£4.99
The Oysterband - Ride,by The Oysterband,Audio CD,£3.59
Jesu/Sun Kil Moon - Jesu / Sun Kil Moon,by Jesu/Sun Kil Moon,Audio CD,£4.49
Frank Turner - FTHC,by Frank Turner,Audio CD,£4.49
"Various Artists - The All Time Greatest Country Songs: From The 60s, 70s, 80s And 90s",by Various Artists,Audio CD,£3.59
The Coral - Butterfly House,by The Coral,Audio CD,£6.49
Omnia - Alive!,by Omnia,Audio CD,£14.99
Heal & Harrow - Heal & Harrow,by Heal & Harrow,Audio CD,£6.99
Kate Rusby - Hand Me Down,by Kate Rusby,Audio CD,£20.99
Alison Krauss - Paper Airplane,by Alison Krauss,Audio CD,£3.59
Steeleye Span - Catch Up - The Essential Steeleye Span,by Steeleye Span,Audio CD,£17.99
Billy Bragg - Best Of Billy Bragg At The BBC 1983 - 2019,by Billy Bragg,Audio CD,£10.99
Mark Knopfler - Get Lucky,by Mark Knopfler,Audio CD,£4.49
"Crosby, Stills, Nash & Young - American Dream","by Crosby, Stills, Nash & Young",Audio CD,£3.59
Kate Rusby - 30 : Happy Returns,by Kate Rusby,Audio CD,£10.99
Live 2004,,Audio CD,£3.59
Various Artists - A Celebration Of Great British Folk,by Various Artists,Audio CD,£3.59
Kathryn Tickell & The Darkening - cloud horizons,by Kathryn Tickell & The Darkening,Audio CD,£20.99
The Waterboys - Where The Action Is (Deluxe),by The Waterboys,Audio CD,£10.99
John Prine - The Tree Of Forgiveness,by John Prine,Audio CD,£10.99
"Bon Iver - Bon Iver I, I",by Bon Iver,Audio CD,£4.99
Terry Oldfield - Earth Spirit,by Terry Oldfield,Audio CD,£3.99
"Crosby, David - Thousand Roads","by Crosby, David",Audio CD,£4.99
Phil Odgers - The Godforsaken Voyage,by Phil Odgers,Audio CD,£4.99
Live In London,,Audio CD,£4.99
The Young'uns - Tiny Notes,by The Young'uns,Audio CD,£20.99
Edward II - Dancing Tunes,by Edward II,Audio CD,£10.99
Lady Maisery - Cycle,by Lady Maisery,Audio CD,£8.99
Biograph,"by Dylan, Bob",Audio CD,£12.99
Fairport Convention - Shuffle And Go,by Fairport Convention,Audio CD,£20.99
Car Wheels On A Gravel Road,by Lucinda Williams,Audio CD,£3.59
Runrig - Proterra,by Runrig,Audio CD,£20.99
Various Artists - You Never Heard So Sweet,by Various Artists,Audio CD,£3.59
Nomad,by Martha Tilston,Audio CD,£10.99
Judy Collins - A Maid Of Constant Sorrow,by Judy Collins,Audio CD,£3.59
Al Stewart - Essential,by Al Stewart,Audio CD,£5.99
The Chieftains - Voice of Ages,by The Chieftains,Audio CD,£3.99
Jean Ritchie - Carols For All Seasons,by Jean Ritchie,Audio CD,£20.99
Civil Wars - Barton Hollow,by Civil Wars,Audio CD,£3.59
The Meadows - Dreamless Days,by The Meadows,Audio CD,£4.49
Richard Thompson - Acoustic Classics,by Richard Thompson,Audio CD,£20.99
Billy Bragg & Joe Henry - Shine A Light: Field Recordings from the Great American Railroad,by Billy Bragg & Joe Henry,Audio CD,£3.59
Ralph McTell - Somewhere Down The Road,by Ralph McTell,Audio CD,£4.49
"Suzanne Vega - Lover, Beloved: Songs From An Evening With Carson McCullers",by Suzanne Vega,Audio CD,£5.49
Alberta Cross - Broken Side Of Time,by Alberta Cross,Audio CD,£3.59
Newton Faulkner - Interference (of Light),by Newton Faulkner,Audio CD,£4.49
The Dubliners - At It Again!,by The Dubliners,Audio CD,£5.99
SMOKE FAIRIES - DARKNESS BRINGS THE WONDERS HOME,by SMOKE FAIRIES,Audio CD,£20.99
Siobhan Wilson - Say It's True,by Siobhan Wilson,Audio CD,£6.49
Iona - Woven Cord,by Iona,Audio CD,£30.99
Studio Zoo,,Audio CD,£3.59
Smoke Fairies - Through Low Light And Trees,by Smoke Fairies,Audio CD,£3.59
Greatest Hits Collection 3CD,by Bagatelle,Audio CD,£20.99
Judy Collins - Sings Lennon & Mccartney,by Judy Collins,Audio CD,£20.99
The Essential Paddy Reilly Collection,by Paddy Reilly,Audio CD,£15.99
Write It On Your Skin,,Audio CD,£3.59
Barclay James Harvest - Live Tapes,by Barclay James Harvest,Audio CD,£20.99
Tim Rose/Through Rose Coloure,by Tim Rose,Audio CD,£5.49
Irish Times,by Patrick Street,Audio CD,£5.49
Last,by The Unthanks,Audio CD,£3.59
Big Tom - Same Way You Came in,by Big Tom,Audio CD,£4.49
Horslips - The Book of Invasions: A Celtic Symphony,by Horslips,Audio CD,£12.99
III,by The Lumineers,Audio CD,£5.99
Karine Polwart & Dave Milligan - Still As Your Sleeping,by Karine Polwart & Dave Milligan,Audio CD,£10.99
Bella Hardy - Songs Lost & Stolen,by Bella Hardy,Audio CD,£3.59
Show Of Hands - Arrogance Ignorance And Greed,by Show Of Hands,Audio CD,£3.59
Nanci Griffith - From A Distance: The Very Best Of Nanci Griffith,by Nanci Griffith,Audio CD,£3.99
Various Artists - The Best Of Original British Lovers Rock Volume.1,by Various Artists,Audio CD,£20.99
The Gloaming - The Gloaming,by The Gloaming,Audio CD,£8.99
The Irish Rebel Collection (25 Great Patriot Songs),by Delia Murphy,Audio CD,£20.99
Ewan McLennan - Rags and Robes,by Ewan McLennan,Audio CD,£4.99
Sir Vincent Lone - Troubadour Heart,by Sir Vincent Lone,Audio CD,£20.99
Rapunzel And Sedayne - Songs From The Barley Temple,by Rapunzel And Sedayne,Audio CD,£7.49
The Best Of Donovan: Sunshine Superman,,Audio CD,£6.99
Loudon Wainwright III - Lifetime Achievement,by Loudon Wainwright III,Audio CD,£20.99
We Will Reign,,Audio CD,£20.99
"Kate Rusby - Philosophers, Poets & Kings",by Kate Rusby,Audio CD,£10.99
Back In Lochalsh,by Mairi Sine Campbell,Audio CD,£8.99
June Tabor - at the wood's heart,by June Tabor,Audio CD,£11.99
ZAGER & EVANS - In The Year 2525: The RCA Masters 1969-1970,by ZAGER & EVANS,Audio CD,£10.99
Various Artists - The Best of Original British Lovers Rock: Volume 2,by Various Artists,Audio CD,£26.99
Kris Kristofferson - Kris Kristofferson: Gold,by Kris Kristofferson,Audio CD,£20.99
The Fureys & Davey Arthur - The Best Of The Fureys & Davey Arthur,by The Fureys & Davey Arthur,Audio CD,£3.59
Richard Thompson - Strict Tempo!,by Richard Thompson,Audio CD,£7.99
Incredible String Band - Isb/5000 Spirits/Hangman's,by Incredible String Band,Audio CD,£10.99
Fischer - Il Mandarino,by Fischer,Audio CD,£4.99
The Greening Wind,by Steve Tilston,Audio CD,£3.59
Keywest - Ordinary Superhero,by Keywest,Audio CD,£10.99
Billy Bragg & Wilco - Mermaid Avenue Vol.2,by Billy Bragg & Wilco,Audio CD,£3.59
Neil Young - After The Gold Rush,by Neil Young,Audio CD,£4.49
Now That's What I Call Music! 31,by Various Artists,Audio CD,£3.59
Paradise Valley,,Audio CD,£3.59
"Devine, Sydney - The Best of Sydney Devine","by Devine, Sydney",Audio CD,£4.99
Belinda Sykes - In Hoary Winter's Night: Irish & English Songs of Wintertide,by Belinda Sykes,Audio CD,£20.99
Edgelarks (Phillip Henry & Hannah Martin) - Edgelarks,by Edgelarks (Phillip Henry & Hannah Martin),Audio CD,£4.99
Various Artists - Son Of Morris On,by Various Artists,Audio CD,£4.99
The Waterboys - Room To Roam (Collectors Edition),by The Waterboys,Audio CD,£12.99
"Stewart, Al - Orange/Past, Present And Future/Modern Times","by Stewart, Al",Audio CD,£16.99
Oysterband - Diamonds On The Water,by Oysterband,Audio CD,£3.59
Maddy Prior & Carnival Band - A Tapestry of Carols,by Maddy Prior & Carnival Band,Audio CD,£4.99
Kate Rusby - Life in a Paper Boat,by Kate Rusby,Audio CD,£20.99
"Melanie - Good Book, The/Gather Me",by Melanie,Audio CD,£39.99
Sharon Van Etten - We've Been Going About This All Wrong,by Sharon Van Etten,Audio CD,£20.99
Laura Marling - Alas I Cannot Swim,by Laura Marling,Audio CD,£3.59
Denis Murphy Julia Clifford - The Star Above The Garter,by Denis Murphy Julia Clifford,Audio CD,£4.99
Fisherman's Friends - Sole Mates,by Fisherman's Friends,Audio CD,£20.99
Treacherous Orchestra - Grind,by Treacherous Orchestra,Audio CD,£20.99
Skipinnish - Atlantic Roar,by Skipinnish,Audio CD,£17.99
The Light Came Down,by Josh Garrels,AudioCD,£22.99
Bellowhead - Broadside,by Bellowhead,Audio CD,£3.59
Rhiannon Giddens - Tomorrow Is My Turn,by Rhiannon Giddens,Audio CD,£5.49
Scocha - Bordering on,by Scocha,Audio CD,£20.99
Our Native Daughters (Featuring Rhiannon Giddens) - Songs Of Our Native Daughters,by Our Native Daughters (Featuring Rhiannon Giddens),Audio CD,£11.99
Alasdair Roberts and Robin Robertson - Hirta Songs,by Alasdair Roberts and Robin Robertson,Audio CD,£4.49
Robin Laing - Whiskey For Breakfast,by Robin Laing,Audio CD,£3.99
The Fureys - The Fureys Finest,by The Fureys,Audio CD,£6.49
Tommy Makem - Irish Favourites (25 Great Tracks From Ireland),by Tommy Makem,Audio CD,£20.99
Laura Marling - A Creature I Don't Know,by Laura Marling,Audio CD,£3.59
Various - SEA SHANTIES,by Various,Audio CD,£7.49
Various Artists - The Very Best of Disney,by Various Artists,Audio CD,£3.59
Vagabond,by Eddi Reader,Audio CD,£4.99
From The Sea To The City,by Trail West,Audio CD,£11.99
Seth Lakeman - Tales From The Barrel House,by Seth Lakeman,Audio CD,£3.59
Clannad - Legend,by Clannad,Audio CD,£3.99
Farrar,by Duncan Chisholm,Audio CD,£5.99
The Oldham Tinkers - An Introduction To,by The Oldham Tinkers,Audio CD,£7.99
Richard Thompson - Dream Attic (Deluxe Edition),by Richard Thompson,Audio CD,£3.99
Mark Knopfler - Privateering,by Mark Knopfler,Audio CD,£8.99
Blair Dunlop - Blight & Blossom,by Blair Dunlop,Audio CD,£6.99
Joni Mitchell & James Taylor - Paris Theatre 1970,by Joni Mitchell & James Taylor,Audio CD,£20.99
Mirror Blue,,Audio CD,£3.99
Duncan Chisholm - Canaich,by Duncan Chisholm,Audio CD,£8.99
O'Hooley & Tidow - 'The Fragile'. (Feat. Music used in the BBC TV Series Gentleman Jack'),by O'Hooley & Tidow,Audio CD,£5.49
Spiers & Boden - Fallow Ground,by Spiers & Boden,Audio CD,£11.99
"More Love, More Power: 25 Best Loved Live Worship Classics",,Audio CD,£25.99
Goldebriars - Walkin' Down The Line: The Best Of The Goldebriars,by Goldebriars,Audio CD,£4.49
James Blackshaw - Glass Bead Game,by James Blackshaw,Audio CD,£9.99
Shaggy - Shaggy- Live,by Shaggy,Audio CD,£10.99
"Cockburn, Bruce - Nothing But a Burning Light","by Cockburn, Bruce",Audio CD,£4.99
Fairport Convention - Moat On The Ledge + From Cropredy To Portmeirion + XXXV,by Fairport Convention,Audio CD,£21.99
Luke Jackson - More Than Boys,by Luke Jackson,Audio CD,£3.59
Margo - The World Through My Eyes,by Margo,Audio CD,£7.99
The Fureys & Davey Arthur - Golden Days,by The Fureys & Davey Arthur,Audio CD,£38.99
Dafydd Iwan - Bod Yn Rhydd / Gwinllan,by Dafydd Iwan,Audio CD,£3.99
Modern Studies - Swell To Great,by Modern Studies,Audio CD,£20.99
Let The Wind Blow High Or Low,by Jimmy Aldridge & Sid Goldsmith,Audio CD,£10.99
Martin Allcock - Ox15,by Martin Allcock,Audio CD,£4.49
Noel Hill & Tony Linnane - Noel Hill & Tony Linnane,by Noel Hill & Tony Linnane,Audio CD,£6.49
Williams Victoria - Loose,by Williams Victoria,Audio CD,£3.59
Shannon McNally - Small Town Talk,by Shannon McNally,Audio CD,£7.49
Iain Morrison - Sal,by Iain Morrison,Audio CD,£10.99
Various Artists - Classic Canadian Songs From Smithsonian Folkways,by Various Artists,Audio CD,£7.49
Rick Kemp - Perfect Blue,by Rick Kemp,Audio CD,£20.99
Strange Days,by Acoustic Junction,Audio CD,£17.99
O IV I V,by Ar Log,Audio CD,£8.99
"Loveless, Patty - Strong Heart","by Loveless, Patty",Audio CD,£3.59
Various - Together Love Duets,by Various,Audio CD,£3.59
Green Diesel - The Hangman's Fee,by Green Diesel,Audio CD,£8.99
Two Gallants - Two Gallants,by Two Gallants,Audio CD,£3.59
Eric Bogle - The Colour of Dreams,by Eric Bogle,Audio CD,£4.49
The Best Of Ar Log,by Ar Log,Audio CD,£20.99
Cat Stevens - Cat Stevend - Greatest Hits,by Cat Stevens,Audio CD,£11.99
Nuala Kennedy - The New Shoes,by Nuala Kennedy,Audio CD,£7.49
Clannad - Macalla,by Clannad,Audio CD,£3.59
Tommy Scott - Scottish Serenity,by Tommy Scott,Audio CD,£3.59
Fernhill - Ca Nos,by Fernhill,Audio CD,£20.99
Vin Garbutt - Bandalised,by Vin Garbutt,Audio CD,£20.99
Red River Dialect - Abundance Welcoming Ghosts,by Red River Dialect,Audio CD,£20.99
Annie Dressner - Coffee At The Corner Bar,by Annie Dressner,Audio CD,£4.99
The Turtles - You Baby,by The Turtles,Audio CD,£20.99
Stivell Alan - Legend,by Stivell Alan,Audio CD,£13.99
Catriona McKay & Olov Johansson - Foogy,by Catriona McKay & Olov Johansson,Audio CD,£9.99
"Martyn, John - Live at Bristol 1991 Official Bootleg","by Martyn, John",Audio CD,£39.99
The Weavers - The Weavers At Carnegie Hall,by The Weavers,Audio CD,£33.99
Breen Ann - Red Is the Rose,by Breen Ann,Audio CD,£3.59
Various Artistes - Red Hot Piping - Penny Arcade,by Various Artistes,Audio CD,£3.59
John McNicholl - What's A Guy Gotta Do,by John McNicholl,Audio CD,£8.99
Various - Yule Cool,by Various,Audio CD,£3.59
There Was a Maid,by Dolores Keane,Audio CD,£20.99
Starr Will - Early Years Vol. 1,by Starr Will,Audio CD,£3.59
Ray Hearne - The Wrong Sunshine,by Ray Hearne,Audio CD,£5.49
Greatest Hits Live / For The Memories,"by McLean, Don",Audio CD,£20.99
The Felice Brothers - Favorite Waitress,by The Felice Brothers,Audio CD,£10.99
John Stewart - Gold,by John Stewart,Audio CD,£18.99
Kris Drever - Mark The Hard Earth (Remastered Version),by Kris Drever,Audio CD,£7.99
Bella Hardy - The Dark Peak & The White,by Bella Hardy,Audio CD,£5.49
Luke Daniels - The Cobhers,by Luke Daniels,Audio CD,£4.49
Josienne Clarke & Ben Walker - Overnight,by Josienne Clarke & Ben Walker,Audio CD,£5.49
Huseyin Turkmenler Ensemble - Traditional Songs From Turkey,by Huseyin Turkmenler Ensemble,Audio CD,£7.49
Michael McGoldrick - Arc,by Michael McGoldrick,Audio CD,£20.99
Nathaniel Rateliff & The Night Sweats - Tearing at the Seams (Deluxe),by Nathaniel Rateliff & The Night Sweats,Audio CD,£4.49
Dyble Longdon - Between A Breath And A Breath,by Dyble Longdon,Audio CD,£9.99
The Proclaimers - Let's Hear It For The Dogs,by The Proclaimers,Audio CD,£4.49
Norma Waterson & Eliza Carthy With The Gift Band - Anchor,by Norma Waterson & Eliza Carthy With The Gift Band,Audio CD,£5.99
Luke Jackson - Journals,by Luke Jackson,Audio CD,£9.99
Kila - Tog E Go Bog E: Take It Easy,by Kila,Audio CD,£3.59
Graham Nash - This Path Tonight,by Graham Nash,Audio CD,£7.49
Steeleye Span - Dodgy Bastards,by Steeleye Span,Audio CD,£20.99
Sweet Old World,by Lucinda Williams,Audio CD,£16.99
The Breath - Carry Your Kin,by The Breath,Audio CD,£6.49
Various Artists - Ultimate Guide To Welsh Folk (Compiled By Cerys Matthews),by Various Artists,Audio CD,£20.99
Kirsty Maccoll - Kite (1989),by Kirsty Maccoll,Audio CD,£3.59
Richard Thompson - Across A Crowded Room,by Richard Thompson,Audio CD,£7.99
Phil Odgers - A Fistful Of Covers,by Phil Odgers,Audio CD,£20.99
Leveret - New Anything,by Leveret,Audio CD,£10.99
Live At Celtic Connections,by Duncan Chisholm,Audio CD,£4.49
"Brennan, Moya - Maire","by Brennan, Moya",Audio CD,£3.59
Martin Carthy - An Introduction To,by Martin Carthy,Audio CD,£7.99
John Smith - Headlong,by John Smith,Audio CD,£20.99
Daniel O'Donnell - The Irish Album: 40 Classic Songs,by Daniel O'Donnell,Audio CD,£10.99
What the Night Delivers,by Scott Matthews,Audio CD,£20.99
Patricia Spero - Japanese Healing Harp,by Patricia Spero,Audio CD,£20.99
Fairport Convention - The Bonny Bunch Of Roses,by Fairport Convention,Audio CD,£20.99
Redpoint,by Duncan Chisholm,Audio CD,£4.49
Blancmange - Commercial Break,by Blancmange,Audio CD,£8.99
Murder Ballads,by Nick Cave & The Bad Seeds,Audio CD,£11.99
"The Bad Shepherds - Yan, Tyan, Tethera, Metheral",by The Bad Shepherds,Audio CD,£7.99
"Thompson, Richard - You? Me? Us?","by Thompson, Richard",Audio CD,£6.99
Great Lakes,by John Smith,Audio CD,£6.49
Fat Freddy's Drop - Live at the Matterhorn,by Fat Freddy's Drop,Audio CD,£17.99
No Frontiers,by Mary Black,Audio CD,£3.59
Roger McGuinn - Back From Rio,by Roger McGuinn,Audio CD,£3.59
Celtic Reflections,by Barry Douglas:Eimear Mcgowan,Audio CD,£20.99
The New Seekers - Songbook 1970-74,by The New Seekers,Audio CD,£20.99
Chris Wood - So Much to Defend,by Chris Wood,Audio CD,£20.99
Bagatelle - 30th Anniversary Collection,by Bagatelle,Audio CD,£15.99
Love Is Strange,by David Lindley,Audio CD,£13.99
Bellowhead - Bellowhead Live The Farewell,by Bellowhead,Audio CD,£20.99
Richard Thompson - The Old Kit Bag,by Richard Thompson,Audio CD,£3.59
Richard Thompson - Front Parlour Ballads,by Richard Thompson,Audio CD,£8.49
"St Agnes Fountain - Best Of St Agnes Fountain, The",by St Agnes Fountain,Audio CD,£5.49
"Coope, Boyes & Simpson - As If","by Coope, Boyes & Simpson",Audio CD,£6.99
Various - Line Dance Fever 3,by Various,Audio CD,£3.59
Msaki x Tubatsi - Synthetic Hearts,by Msaki x Tubatsi,Audio CD,£20.99
"Coope, Boyes & Simpson - Hindsight","by Coope, Boyes & Simpson",Audio CD,£13.99
Martyn John - Bless the Weather,by Martyn John,Audio CD,£4.99
Ian Matthews - Tigers Will Survive,by Ian Matthews,Audio CD,£20.99
Kirsty MacColl - Titanic Days (Deluxe Edition),by Kirsty MacColl,Audio CD,£20.99
Patty Griffin - Impossible Dream,by Patty Griffin,Audio CD,£4.49
Firelight Trio - Firelight Trio,by Firelight Trio,Audio CD,£10.99
The Music of our Scottish Homeland,by Various Artists,Audio CD,£6.49
Aidan O'Rourke - 365: Volume 1,by Aidan O'Rourke,Audio CD,£3.99
Ghost Dancers,by Clearwater,Audio CD,£3.59
Magna Carta W/ Rpo - Live At The Royal Albert Hall (1971),by Magna Carta W/ Rpo,Audio CD,£5.49
Michael Chapman - The Man Who Hated Mornings,by Michael Chapman,Audio CD,£6.99
Ronnie Drew - The Last Session A Fond Farewell,by Ronnie Drew,Audio CD,£7.49
Cyril Tawney - A Mayflower Garland,by Cyril Tawney,Audio CD,£20.99
"Uncle Earl - Waterloo, Tennessee",by Uncle Earl,Audio CD,£3.59
Patsy Reid - A Glint O' Scottish Fiddle,by Patsy Reid,Audio CD,£10.99
The Black Family,by The Black Family,Audio CD,£8.49
Brona McVittie - We Are The Wildlife,by Brona McVittie,Audio CD,£3.99
Cowboys For Indians,by Stephen Stills & David Crosby,Audio CD,£9.99
Jim Causley - Cyprus Well,by Jim Causley,Audio CD,£5.99
Various Artists - Reggae Country,by Various Artists,Audio CD,£11.99
Lauren MacColl & The MacCollective - Strewn With Ribbons,by Lauren MacColl & The MacCollective,Audio CD,£5.99
Justine - Justine (Digi- Pak),by Justine,Audio CD,£5.99
Leisure Society - The Sleeper/A Product Of The Ego Drain,by Leisure Society,Audio CD,£3.59
Down Memory Lane,by Isla Grant,Audio CD,£20.99
Jim Moray - Skulk,by Jim Moray,Audio CD,£5.99
Dublin City Ramblers - Best Of,by Dublin City Ramblers,Audio CD,£4.99
Charlie Gracie - Fabulous! Charlie Gracie (DVD) (NTSC) (US Import),by Charlie Gracie,DVD,£17.99
Sarah McLachlan - Rarities B-Sides and Other Stuff Volume 2,by Sarah McLachlan,Audio CD,£3.99
Martyn Bennett - Aye - The Best Of Martyn Bennett,by Martyn Bennett,Audio CD,£39.99
Cattle & Cane - Home,by Cattle & Cane,Audio CD,£4.99
Belshazzar's Feast - Frost Bites,by Belshazzar's Feast,Audio CD,£8.49
Love - Da Capo,by Love,Audio CD,£18.99
Leonard Cohen - The Spirit Of Radio (3cd),by Leonard Cohen,Audio CD,£20.99
Cecil Sharp Project - Cecil Sharp Project,by Cecil Sharp Project,Audio CD,£3.59
Edward II - Wicked Men,by Edward II,Audio CD,£3.59
Granny's Attic - Wheels Of The World,by Granny's Attic,Audio CD,£20.99
Roy Bailey - Why Does It Have to Be Me?,by Roy Bailey,Audio CD,£20.99
The Glencraig Scottish Dance Band - The Reel Party: Are Ye Askin',by The Glencraig Scottish Dance Band,Audio CD,£3.59
Rev Hammer - Industrial Sound and Magic,by Rev Hammer,Audio CD,£3.59
Seavaigers,by Chris Stout & Catriona McKay,Audio CD,£20.99
Isla Grant - By Request,by Isla Grant,Audio CD,£65.99
Woven Cord,,Audio CD,£3.59
JOHN MCNICHOLL - THE SINGLES,by JOHN MCNICHOLL,Audio CD,£6.99
Blazin' Fiddles - Live,by Blazin' Fiddles,Audio CD,£6.49
Band Of Hope - Rhythms and Reds,by Band Of Hope,Audio CD,£20.99
Various Artists - Good Humour For The Rest Of The Night (The Voice of The People Vol.25),by Various Artists,Audio CD,£7.99
Mr Mcfall'S Chamber - Birds & Beasts: Music By Martyn Bennett And Fraser Fifield,by Mr Mcfall'S Chamber,Audio CD,£20.99
John Otway & Wild Willy Barrett - Otway & Barrett + Deep And Meaningless,by John Otway & Wild Willy Barrett,Audio CD,£19.99
Baltimore Consort - On the Banks of Helicon: Early Music of Scotland,by Baltimore Consort,Audio CD,£6.99
Various - Line Dance Fever 2,by Various,Audio CD,£3.59
In the Flesh Live,"by Waters, Roger",Audio CD,£20.99
Highlander's Farewell,by Alasdair Fraser And Natalie Haas,Audio CD,£20.99
Eddi Reader - Back The Dogs EP,by Eddi Reader,Audio CD,£20.99
Michael Chapman - Deal Gone Down,by Michael Chapman,Audio CD,£8.49
Bob Fox & Stu Luckley - Box Of Gold,by Bob Fox & Stu Luckley,Audio CD,£10.99
Alison Brown Quartet,by Alison Brown Quartet,Audio CD,£10.99
Lick The Tins - Blind Man On A Flying Horse,by Lick The Tins,Audio CD,£24.99
The Staves - Blood I Bled,by The Staves,Audio CD,£20.99
Diversions,,Audio CD,£8.99
A.A. BONDY - When the Devil's Loose,by A.A. BONDY,Audio CD,£9.99
Green Diesel - After Comes The Dark,by Green Diesel,Audio CD,£11.99
Sandy Denny - Rendezvous,by Sandy Denny,Audio CD,£46.99
Promenade,by Lindisfarne,Audio CD,£20.99
Winds of Change,"by Fureys, the",Audio CD,£3.59
MARTIN BARRE - ORDER OF PLAY,by MARTIN BARRE,Audio CD,£11.99
Six Organs of Admittance - Companion Rises,by Six Organs of Admittance,Audio CD,£13.99
Stan Rogers - Turn Around,by Stan Rogers,Audio CD,£20.99
Reg Meuross - Faraway People,by Reg Meuross,Audio CD,£20.99
Various - Club Mix 96,by Various,Audio CD,£3.59
The Chieftains - Chieftains Vol 6: Bonaparte's Retreat,by The Chieftains,Audio CD,£19.99
Scottish Love Songs,by Browne Ronnie,Audio CD,£4.99
John Hiatt - Terms of My Surrender,by John Hiatt,Audio CD,£8.49
Reg Meuross - Raw (2CD),by Reg Meuross,Audio CD,£10.99
Dar Williams - In The Time Of The God'S,by Dar Williams,Audio CD,£3.59
Gordon Giltrap & Paul Ward - The Last Of England,by Gordon Giltrap & Paul Ward,Audio CD,£12.99
De Danann - Wonderwaltz,by De Danann,Audio CD,£8.49
Four Men & a Dog - Barking Mad,by Four Men & a Dog,Audio CD,£5.49
Jerry Douglas - Transatlantic Sessions 3: Volume Two,by Jerry Douglas,Audio CD,£19.99
Dick Black - Modern Sequence Dancing,by Dick Black,Audio CD,£20.99
Michael McGoldrick - Aurora,by Michael McGoldrick,Audio CD,£11.99
Kathryn Williams - Little Black Numbers (Original),by Kathryn Williams,Audio CD,£3.59
Rachel Newton - Here's My Heart Come Take It,by Rachel Newton,Audio CD,£5.49
Maz O'Connor (Artist) - Sweet Liberties,by Maz O'Connor (Artist),Audio CD,£11.99
Trembling Bells Feat. Bonnie Prince Billy - The Marble Downs,by Trembling Bells Feat. Bonnie Prince Billy,Audio CD,£5.49
Changeling,by Rachel Newton,Audio CD,£6.99
The Holy Modal Rounders - The Holy Modal Rounders 1 & 2,by The Holy Modal Rounders,Audio CD,£18.99
Various Artists - A Drop In Your Hand: 30 Irish Christmas Favourites,by Various Artists,Audio CD,£3.59
Ewan MacColl - An Introduction to Ewan MacColl,by Ewan MacColl,Audio CD,£20.99
Police Dog Hogan - Westward Ho!,by Police Dog Hogan,Audio CD,£17.99
Fureys - When You Were Sweet Sixteen (A,by Fureys,Audio CD,£20.99
The Ultimate Guide To Scottish Folk,by Various Artists,Audio CD,£20.99
"St Agnes Fountain - Best Of St Agnes Fountain, The",by St Agnes Fountain,Audio CD,£5.49
Polly Paulusma - Invisible Music - Folk Songs That Influenced Angela Carter (Hardback CD),by Polly Paulusma,Audio CD,£20.99
False Lights - Salvor,by False Lights,Audio CD,£4.99
Mean Mary - Blazing (Hell Is Naked Soundtrack),by Mean Mary,Audio CD,£20.99
L nasa - Redwood,by L nasa,Audio CD,£3.59
Martin Carthy - Right Of Passage,by Martin Carthy,Audio CD,£4.49
The Salts - Brave,by The Salts,Audio CD,£6.99
Darkher - The Kingdom Field,by Darkher,Audio CD,£20.99
Incredible String Band - Tricks Of The Senses,by Incredible String Band,Audio CD,£20.99
Polly Niles - Sunshine In My Rainy Day Mind: The Lost Album,by Polly Niles,Audio CD,£12.99
June Tabor - Apples,by June Tabor,Audio CD,£5.99
Various Artists - Glasgow Celtic FC Anthems,by Various Artists,AudioCD,£20.99
Cave Singers - Invitation Songs,by Cave Singers,Audio CD,£3.59
Plainsong - In Search Of Amelia Earhart,by Plainsong,Audio CD,£20.99
Little Johnny England - 10 Years On,by Little Johnny England,Audio CD,£20.99
The Monks of Glenstal Abbey - Gregorian Chants,by The Monks of Glenstal Abbey,Audio CD,£5.49
Blue Rose Code - And Lo! The Bird Is On The Wing,by Blue Rose Code,Audio CD,£20.99
Charlie Parr - Dog,by Charlie Parr,Audio CD,£20.99
Blair Dunlop - Trails: Queensland,by Blair Dunlop,Audio CD,£5.49
Magna Carta - Midnight Blue / Live & Let Live,by Magna Carta,Audio CD,£6.99
The Tulla Ceili Band - Irish Ceili Music - The Essential Collection featuring All Ireland Champions,by The Tulla Ceili Band,Audio CD,£4.99
The Tara Singers - Scottish Sing-A-Long,by The Tara Singers,Audio CD,£20.99
Jonathan Jeremiah - A Solitary Man,by Jonathan Jeremiah,Audio CD,£3.59
Foster & Allen - The Early Years,by Foster & Allen,Audio CD,£9.99
Disco Divas - 20 Dance Classics,by Various,Audio CD,£3.59
Mowing,by Michael Nau,Audio CD,£11.99
Aslan - Made in Dublin,by Aslan,Audio CD,£20.99
Haden Triplets - Haden Triplets,by Haden Triplets,Audio CD,£5.49
Carreg Lafar - Aur,by Carreg Lafar,Audio CD,£8.99
Beans On Toast - The Grand Scheme Of Things,by Beans On Toast,Audio CD,£9.99
Julien Baker - Sprained Ankle,by Julien Baker,Audio CD,£10.99
Isaac Guillory - Slow Down,by Isaac Guillory,Audio CD,£20.99
Blitzen Trapper - Furr,by Blitzen Trapper,Audio CD,£7.99
Edward II - Manchester's Improving Daily,by Edward II,Audio CD,£3.99
Megson - When I Was A Lad - A Collection Of Children's Folk Songs,by Megson,Audio CD,£3.59
The Liberty To Choose,by Various Artists,Audio CD,£20.99
Various Artists - Good People Take Warning (The Voice of The People Vol.23) (3CD),by Various Artists,Audio CD,£20.99
Lasair Dhe,by Various Artists,Audio CD,£4.99
Lucy Ward - Single Flame,by Lucy Ward,Audio CD,£5.99
Various Artists - Soul Jazz Presents Studio One Story,by Various Artists,Audio CD,£21.99
Cock-A-Hoop,by The Men They Couldn't Hang,Audio CD,£20.99
Sorrow And Smoke: Live At The Horseshoe Lounge,by Slaid Cleaves,Audio CD,£20.99
John Kirkpatrick - Joy & Jubilation,by John Kirkpatrick,Audio CD,£11.99
Ray Fisher - Willies Lady,by Ray Fisher,Audio CD,£15.99
Maura O'Connell - Naked With Friends,by Maura O'Connell,Audio CD,£10.99
Eliza Carthy & Nancy Kerr,by Nancy Kerr,Audio CD,£3.99
Tidelines - Let's Make Tonight,by Tidelines,Audio CD,£20.99
Beans on Toast - Survival of the Friendliest,by Beans on Toast,Audio CD,£20.99
Star Accordion Band - Scottish Favourites,by Star Accordion Band,Audio CD,£3.99
Local Radio,by Campbell Colin,Audio CD,£34.99
"Leon Rosselson Johnson,Robb - Liberty Tree: A Celebration Of","by Leon Rosselson Johnson,Robb",Audio CD,£12.99
Giving Eveything,by Beans On Toast,Audio CD,£8.49
Guy Davis - Give In Kind,by Guy Davis,Audio CD,£4.99
Live in Dublin,by Christy Moore,Audio CD,£3.99
Peter Paul & Mary - Peter Paul & Mommy Too,by Peter Paul & Mary,Audio CD,£3.99
Silver Town,by The Men They Couldnt Hang,Audio CD,£20.99
Love Chronicles,by Al Stewart,Audio CD,£31.99
In a Bleeze,by Jeana Leslie,Audio CD,£4.49
Don't try this at home (1991),,Audio CD,£3.59
Medwyn Goodall - Visions,by Medwyn Goodall,Audio CD,£3.59
Hughie Jones - Maritime Miscellany,by Hughie Jones,Audio CD,£10.99
Dafydd Iwan - Can Celt,by Dafydd Iwan,Audio CD,£8.99
Various - Best of Country and Irish,by Various,Audio CD,£3.59
Ella Edmondson - Hold Your Horses,by Ella Edmondson,Audio CD,£3.59
Banter - Yes,by Banter,Audio CD,£5.49
James Taylor - Carnegie,by James Taylor,Audio CD,£20.99
Don Mclean - Starry Starry Night,by Don Mclean,Audio CD,£20.99
Fairport Convention - Some Of Our Yesterdays: Anthology,by Fairport Convention,Audio CD,£3.59
"Holt, John - The Best Of","by Holt, John",Audio CD,£4.49
Various - Strictly Swing Vol.2,by Various,Audio CD,£3.59
Ceilidh Minogue - There Y'Are Now,by Ceilidh Minogue,Audio CD,£3.59
John Hogan - The Very Best of...,by John Hogan,Audio CD,£5.99
No Stranger,,Audio CD,£3.59
Chumbawamba - First 2,by Chumbawamba,Audio CD,£34.99
Sam Carter - The No Testament,by Sam Carter,Audio CD,£3.59
Skerryvore - On the Road,by Skerryvore,Audio CD,£51.99
Danny & The Champions Of The W - Streets Of Our Time,by Danny & The Champions Of The W,Audio CD,£3.59
Jamie Smith's Mabon - Twenty,by Jamie Smith's Mabon,Audio CD,£8.99
The Other Years - The Other Years,by The Other Years,Audio CD,£11.99
Alasdair Fraser & Natalie Haas - Abundance,by Alasdair Fraser & Natalie Haas,Audio CD,£13.99
Various - Imaginational Anthems vol. 6 : Origins of American Primitive Guitar,by Various,Audio CD,£10.99
Tom Paley's Old-Time Moonshine Review - Roll On Roll On,by Tom Paley's Old-Time Moonshine Review,Audio CD,£3.99
"Peter, Paul & Mary - In Concert","by Peter, Paul & Mary",Audio CD,£20.99
Ryland Teifi - Man Rhydd,by Ryland Teifi,Audio CD,£8.99
Martin & Jessica Simpson - Red Roses,by Martin & Jessica Simpson,Audio CD,£4.49
Old Blind Dogs - Play Live,by Old Blind Dogs,Audio CD,£4.99
Patti Page - Tennessee Waltz - Patti Page,by Patti Page,Audio CD,£3.59
Gathering Pace,by Relativity,Audio CD,£4.49
Johnson Linton Kwesi - Dread Beat & Blood,by Johnson Linton Kwesi,Audio CD,£36.99
Twin Forks - Twin Forks,by Twin Forks,Audio CD,£6.49
Mahlathini & Mahotella Queen - Mahlathini Best of,by Mahlathini & Mahotella Queen,Audio CD,£12.99
Ballochmyle Ceilidh Band - Ballochmyle Ceilidh Band,by Ballochmyle Ceilidh Band,Audio CD,£3.59
Altan - Horse With A Heart,by Altan,Audio CD,£5.49
Eilis Kennedy - Westward,by Eilis Kennedy,Audio CD,£8.99
Jade - Fly On Strange Wings,by Jade,Audio CD,£14.99
Connie Dover - If I Ever Return,by Connie Dover,Audio CD,£12.99
Ewan McLennan - Stories Still Untold,by Ewan McLennan,Audio CD,£6.49
O'Hooley & Tidow - Cloudheads,by O'Hooley & Tidow,Audio CD,"£11,99"
"Feliciano, Jose - Feliz Navidad","by Feliciano, Jose",Audio CD,"£3,99"
Shanties & Songs of the Sea,by Kimber's Men,Audio CD,"£4,99"
Various Artists - 100% Dance Hits,by Various Artists,Audio CD,"£3,59"
Seth Lakeman - Freedom Fields / Kitty Jay,by Seth Lakeman,Audio CD,"£3,99"
Cara Dillon - Sweet Liberty (2003) Original Recording,by Cara Dillon,Audio CD,"£6,49"
Stealers Wheel - Ferguslie Park,by Stealers Wheel,Audio CD,"£9,99"
Loreena Mckennitt - The Journey So Far - The Best Of Loreena McKennitt,by Loreena Mckennitt,Audio CD,"£10,99"
Mari Kalkun - Stories of Stonia,by Mari Kalkun,Audio CD,"£9,99"
The Fureys - The Spanish Cloak: The Best Of The Fureys,by The Fureys,Audio CD,"£3,59"
The High Kings - The High Kings,by The High Kings,Audio CD,"£8,99"
Dave Swarbrick - It Suits Me Well: The Transatlantic Recordings 1976-1983,by Dave Swarbrick,Audio CD,"£10,99"
Kris Drever - Black Water & Live (Remastered Deluxe Edition),by Kris Drever,Audio CD,"£20,99"
Adam Cohen - We Go Home,by Adam Cohen,Audio CD,"£3,59"
Judy Collins - Strangers Again,by Judy Collins,Audio CD,"£7,99"
Richard Thompson - Daring Adventures,by Richard Thompson,Audio CD,"£5,49"
The Olllam - The Olllam,by The Olllam,Audio CD,"£14,99"
Graham Coxon - A+E,by Graham Coxon,Audio CD,"£3,99"
The Corries - The Defintive Corries Collection,by The Corries,Audio CD,"£7,99"
Timber Timbre - CREEP ON CREEPIN ON,by Timber Timbre,Audio CD,"£4,99"
Thea Gilmore - Don't Stop Singing,by Thea Gilmore,Audio CD,"£3,59"
Superhuman,,Audio CD,"£20,99"
Aly Bain & Phil Cunningham - The Best of Aly & Phil Vol. 2,by Aly Bain & Phil Cunningham,Audio CD,"£10,99"
Mick Moloney - Uncommon Bonds,by Mick Moloney,Audio CD,"£8,99"
Celtic Fiddle Festival - Equinoxe,by Celtic Fiddle Festival,Audio CD,"£5,49"
Kate Rusby & Kathryn Roberts,by Kate Rusby & Kathryn Roberts,Audio CD,"£5,49"
Na Casaidigh - Oro Na Casaidigh: Irish Childhood Songs,by Na Casaidigh,Audio CD,"£20,99"
Eliza Carthy - An Introduction To,by Eliza Carthy,Audio CD,"£4,49"
Eliza Carthy - The Moral Of The Elephant,by Eliza Carthy,Audio CD,"£3,99"
Bridget St John - From There / To Here - UK/US Recordings 1974-1982,by Bridget St John,AudioCD,"£20,99"
Tom Petty - Live on the Radio '86,by Tom Petty,Audio CD,"£20,99"
Kathryn Williams - Dog Leap Stairs,by Kathryn Williams,Audio CD,"£3,59"
Wayward Daughter: The Best Of Eliza Carthy (2CD),by Eliza Carthy,Audio CD,"£8,49"
Various Artists - Old Grey Whistle Test Folk,by Various Artists,Audio CD,"£4,99"
Jon Boden - Rose In June,by Jon Boden,Audio CD,"£10,99"
Paul Brady - Nobody Knows: The Best of Paul Brady,by Paul Brady,Audio CD,"£10,99"
Miranda Sykes And Rex Preston - Miranda Sykes And Rex Preston,by Miranda Sykes And Rex Preston,Audio CD,"£3,59"
Donal O'Connor - Six Days in Down,by Donal O'Connor,Audio CD,"£3,59"
Patty Griffin - Patty Griffin,by Patty Griffin,Audio CD,"£10,99"
Barclay James Harvest - River of Dreams,by Barclay James Harvest,Audio CD,"£18,99"
Shana Cleveland - Manzanita,by Shana Cleveland,AudioCD,"£18,99"
Don't Stop This Now,by Finbar Furey,Audio CD,"£20,99"
Sweet Little Mysteries - The Island Anthology,by John Martyn,Audio CD,"£4,49"
Laura Marling - Once I Was An Eagle,by Laura Marling,Audio CD,"£3,59"
Nancy Kerr/James Fagan - Between the Dark & Light,by Nancy Kerr/James Fagan,Audio CD,"£4,99"
Martin Carthy & Dave Swarbrick - Both Ears And The Tail,by Martin Carthy & Dave Swarbrick,Audio CD,"£3,59"
"The Bad Shepherds - Mud, Blood & Beer",by The Bad Shepherds,Audio CD,"£20,99"
Damien O'Kane & Ron Block - Banjophony,by Damien O'Kane & Ron Block,Audio CD,"£14,99"
Chris While & Julie Matthews - Shoulder To Shoulder,by Chris While & Julie Matthews,Audio CD,£6.99
Friendship - Love the Stranger,by Friendship,Audio CD,£20.99
ZERVAS & PEPPER - ENDLESS ROAD RESTLESS NOMAD,by ZERVAS & PEPPER,Audio CD,£8.49
Steele The Show,by Davy Steele,Audio CD,£20.99
Mick Moloney - We Have Met Together,by Mick Moloney,AudioCD,£20.99
Tom Russell - Hotwalker - Charles Bukowski and a Ballad for Gone America,by Tom Russell,Audio CD,£3.59
Various - Fonn Ratharsair - Sounds of Rassay,by Various,Audio CD,£20.99
Design - Design,by Design,Audio CD,£20.99
"Panpipe Moods - Celtic Pan Pipes; Includes: Le Condor, It's Now Or Never, Chariots Of Fire, Spanish",by Panpipe Moods,Audio CD,£20.99
The Scottish Fiddle Orchestra - Spirit Of The Northern Sky,by The Scottish Fiddle Orchestra,Audio CD,£3.59
Moods Of The Day - Morning Ragas,,Audio CD,£11.99
Siren Serenade,by Emily Mae Winters,Audio CD,£4.49
Julie Matthews - Hitting The Ground Running,by Julie Matthews,Audio CD,£4.49
Ewan McLennan - The Last Bird To Sing,by Ewan McLennan,Audio CD,£7.99
Sea Shanties,,Audio CD,£19.99
Clannad - Macalla,by Clannad,Audio CD,£4.99
Madison Violet - The Good In Goodbye,by Madison Violet,Audio CD,£4.99
Peadar Ó Riada - Onóir,by Peadar O Riada,Audio CD,£20.99
Oxengate,by Candidate,Audio CD,£3.59
Tules Maas Vedes Taivaal,by Tuuletar,Audio CD,£4.49
Don MEscall - Lighthouse Keeper,by Don MEscall,Audio CD,£4.99
The Chieftains - Voice of Ages (Deluxe Edition),by The Chieftains,Audio CD,£3.59
Lissie - Covered Up With Flowers,by Lissie,Audio CD,£18.99
Sailing Up the Clyde/Songs of Scotland & Ireland,by Calum Kennedy,Audio CD,£6.49
Luke Jackson - Tall Tales And Rumours,by Luke Jackson,Audio CD,£20.99
Leon Rosselson - Rossel Songs,by Leon Rosselson,Audio CD,£5.49
Chris While & Julie Matthews - Infinite Sky,by Chris While & Julie Matthews,Audio CD,£3.59
Gorky's Zygotic Mynci - Llanfwrog Ep,by Gorky's Zygotic Mynci,Audio CD,£22.99
Strawbs - Live At The BBC,by Strawbs,Audio CD,£17.99
Local Radio,by Campbell Colin,Audio CD,£34.99
"Leon Rosselson Johnson,Robb - Liberty Tree: A Celebration Of","by Leon Rosselson Johnson,Robb",Audio CD,£12.99
Giving Eveything,by Beans On Toast,Audio CD,£8.49
Guy Davis - Give In Kind,by Guy Davis,Audio CD,£4.99
Live in Dublin,by Christy Moore,Audio CD,£3.99
Peter Paul & Mary - Peter Paul & Mommy Too,by Peter Paul & Mary,Audio CD,£3.99
Silver Town,by The Men They Couldnt Hang,Audio CD,£20.99
Love Chronicles,by Al Stewart,Audio CD,£31.99
In a Bleeze,by Jeana Leslie,Audio CD,£4.49
Don't try this at home (1991),,Audio CD,£3.59
Medwyn Goodall - Visions,by Medwyn Goodall,Audio CD,£3.59
Hughie Jones - Maritime Miscellany,by Hughie Jones,Audio CD,£10.99
Dafydd Iwan - Can Celt,by Dafydd Iwan,Audio CD,£8.99
Lunasa - The Story So Far...,by Lunasa,Audio CD,£6.99
Various - Best of Country and Irish,by Various,Audio CD,£3.59
Ella Edmondson - Hold Your Horses,by Ella Edmondson,Audio CD,£3.59
Banter - Yes,by Banter,Audio CD,£5.49
James Taylor - Carnegie,by James Taylor,Audio CD,£20.99
Don Mclean - Starry Starry Night,by Don Mclean,Audio CD,£20.99
Ropes,by Duotone,Audio CD,"£7,49"
Birmingham Citadel Band of The Salvation Army - Pictures of Perfection,by Birmingham Citadel Band of The Salvation Army,Audio CD,"£5,49"
George Nooks - Better Days,by George Nooks,Audio CD,"£18,99"
Carl Wilson - 20 Favourite Songs of Scotland,by Carl Wilson,Audio CD,"£20,99"
Shearwater - Thieves,by Shearwater,Audio CD,"£3,59"
Tyde - Tyde,by Tyde,Audio CD,"£3,59"
Leyenda Beso - Leyenda Beso,by Leyenda Beso,Audio CD,"£4,49"
Dezi Donnelly - Familiar Footsteps,by Dezi Donnelly,Audio CD,"£20,99"
Danu - Danu,by Danu,Audio CD,"£6,99"
Crystal Bowersox - Farmer's Daughter,by Crystal Bowersox,Audio CD,"£3,59"
"Wright, Finbar - Lift The Wings","by Wright, Finbar",Audio CD,"£3,59"
The Destroyers - Hole In The Universe,by The Destroyers,Audio CD,"£7,49"
Sallyangie - Children Of The Sun,by Sallyangie,Audio CD,"£20,99"
Rose Marie - Teardrops and Romance,by Rose Marie,Audio CD,"£5,99"
Saor Patrol - XV 15 Year Anniversary Edition - Total Reworx Vol. 1,by Saor Patrol,Audio CD,"£3,59"
Scotland,by Scott Tommy,Audio CD,"£3,59"
Dastan Ensemble - Mayeh-Ye Dashti & Mayeh-Ye Isfahan: Iranian Classical (2CD),by Dastan Ensemble,Audio CD,"£19,99"
422 - Major Third,by 422,Audio CD,"£20,99"
Compilation - Tea & Pot,by Compilation,Audio CD,"£5,99"
Various - Club Together 2,by Various,Audio CD,"£3,59"
Sea Sew (Deluxe Edition),by Lisa Hannigan,Audio CD,"£16,99"
In Their Prime,by The Cannon Hill Irregulars,Audio CD,"£10,99"
Alexander Brothers - In The Glorious North,by Alexander Brothers,Audio CD,"£20,99"
Bill Douglas and His Sdb - The Lilt O' Scotland,by Bill Douglas and His Sdb,Audio CD,"£4,99"
Paul & The Tall Trees - Our Love In The Light,by Paul & The Tall Trees,Audio CD,"£4,99"
Various Artists - The Very Best Of Irish Ceili,by Various Artists,Audio CD,"£20,99"
Macmaster & Hay - Hook,by Macmaster & Hay,Audio CD,"£20,99"
Frances Black & Kieran Goss,,Audio CD,"£4,49"
Aidan Knight - Aidan Knight,by Aidan Knight,Audio CD,"£8,99"
Basco - The Remarkable Return Of Old Man Basco,by Basco,Audio CD,"£10,99"
The Long Notes - The Long Notes,by The Long Notes,Audio CD,"£3,99"
The Boatman's Cure,by Paul Downes,Audio CD,"£20,99"
"Motherwell, Pipe Major Jim - Queen's Piper","by Motherwell, Pipe Major Jim",Audio CD,"£3,99"
Franz Nicolay - Do The Struggle,by Franz Nicolay,Audio CD,"£3,99"
Mike Vass - DecemberWell,by Mike Vass,Audio CD,"£5,49"
"Baez, Joan - Voice Of The People","by Baez, Joan",Audio CD,"£4,99"
Janis Ian - Unreleased 2: Take No Prisoners,by Janis Ian,Audio CD,"£5,99"
the golden decade of greek music: 1960-70,,Audio CD,"£13,99"
Walking Through Clay (Dig),by Dirk Powell,Audio CD,"£20,99"
Cliar - Gun Tamh,by Cliar,Audio CD,"£3,99"
Finbar Furey - Chasing Moonlight: Love Songs Of Ireland,by Finbar Furey,Audio CD,"£22,99"
Musique Arabo-Andalouse,,Audio CD,"£3,99"
Marcas O'Murchu - O Bheal go Beal,by Marcas O'Murchu,Audio CD,"£20,99"
Damien Dempsey - Live At The Olympia,by Damien Dempsey,Audio CD,"£20,99"
Fairport Convention - Rare Broadcasts: +DVD,by Fairport Convention,Audio CD,"£14,99"
Kevin Collins - The Collection,by Kevin Collins,Audio CD,"£6,99"
Jeff Warner - Roam The Country Through,by Jeff Warner,Audio CD,"£20,99"
Jessica Risker - I See You Among The Stars,by Jessica Risker,Audio CD,"£5,49"
Spiers & Boden - Fallow Ground,by Spiers & Boden,Audio CD,£11.99
Passenger - Runaway (Deluxe CD),by Passenger,Audio CD,£8.49
Laura Marling - A Creature I Don't Know,by Laura Marling,Audio CD,£5.49
Stealers Wheel - Stuck In The Middle With You - The Hits Collection,by Stealers Wheel,Audio CD,£6.49
Ruth Notman - Threads,by Ruth Notman,Audio CD,£3.59
The Soweto Gospel Choir - African Spirit,by The Soweto Gospel Choir,Audio CD,£3.59
The Wailin' Jennys - Fifteen,by The Wailin' Jennys,Audio CD,£10.99
Laura Marling - Once I Was An Eagle,by Laura Marling,Audio CD,£5.49
Karine Polwart - Scribbled In Chalk,by Karine Polwart,Audio CD,£5.49
"Lewis, Jeffrey - 'em Are I","by Lewis, Jeffrey",Audio CD,£3.59
The Byrds - Younger Than Yesterday,by The Byrds,Audio CD,£4.99
Peatbog Faeries - Dust,by Peatbog Faeries,Audio CD,£7.99
The Velvet Underground - The Velvet Undergrou - Gold (NEW 2CD),by The Velvet Underground,Audio CD,£4.99
Strawbs - Acoustic Gold,by Strawbs,Audio CD,£20.99
Mock Tudor,,Audio CD,£3.59
Steeleye Span - Est'd 1969,by Steeleye Span,Audio CD,£7.99
Afro Celt Sound System - Anatomic,by Afro Celt Sound System,Audio CD,£5.49
Horslips - The Tain,by Horslips,Audio CD,£20.99
Richard Thompson - Electric,by Richard Thompson,Audio CD,£5.99
Santiago,,Audio CD,£4.49
The Oak Ridge Boys - Country Gospel - Five Classic Albums (Hymns By / Nearer The Cross / Singing On,by The Oak Ridge Boys,Audio CD,£5.99
Various Artists - Tim Burgess & Bob Stanley Present Tim Peaks,by Various Artists,Audio CD,£10.99
Mission Bell,,Audio CD,£7.49
Jeffrey Lewis - 12 Crass Songs,by Jeffrey Lewis,Audio CD,£4.99
The Weather Station - How Is It That I Should Look At The Stars,by The Weather Station,Audio CD,£10.99
Sharon Shannon - The Galway Girl: The Best of Sharon Shannon,by Sharon Shannon,Audio CD,£3.59
Peggy Seeger - First Farewell,by Peggy Seeger,Audio CD,£7.99
The Furrow Collective - Fathoms,by The Furrow Collective,Audio CD,£10.99
Kate Rusby - Angles & Men,by Kate Rusby,Audio CD,£12.99
Danish String Quartet - Wood Works,by Danish String Quartet,Audio CD,£9.99
Tommy Fleming - The Essential Collection,by Tommy Fleming,Audio CD,£15.99
Mr. Fox - Join Us in Our Game,by Mr. Fox,Audio CD,£20.99
Martin Simpson - Rooted (2CD Deluxe Edition),by Martin Simpson,Audio CD,£10.99
Dingly Dell,,Audio CD,£20.99
"Michael Chapman - Live At Folk Cottage, Cornwall 1967",by Michael Chapman,Audio CD,£10.99
"Griffith, Nanci - Lone Star State Of Mind","by Griffith, Nanci",Audio CD,£3.59
FINEST - FINEST,by Furey Brothers,Audio CD,£4.49
THE UNTHANKS - DIVERSIONS VOL4 THE SONGS AND POEMS OF MOLLY DRAKE,by THE UNTHANKS,Audio CD,£10.99
The Wheels Of Life,by Liam Clancy,Audio CD,£20.99
Seth Lakeman - The Well Worn Path,by Seth Lakeman,Audio CD,£6.49
The Very Best of The Corries,,Audio CD,£4.49
"Bears, Crows and Centipedes",by Alastair Mcdonald,Audio CD,£8.49
Fairport Convention - Myths And Heroes,by Fairport Convention,Audio CD,£5.49
Siobhan Miller - Bloom,by Siobhan Miller,Audio CD,£14.99
"Thompson, Richard - Watching the Dark: The History of Richard Thompson","by Thompson, Richard",Audio CD,£17.99
The Corries - The Ultimate Collection,by The Corries,Audio CD,£12.99
"Mulvey, Nick - First Mind","by Mulvey, Nick",Audio CD,£3.59
Chumbawamba - English Rebel Songs,by Chumbawamba,Audio CD,£11.99
Tim Easton - American Fork,by Tim Easton,Audio CD,£20.99
Starr Will - Accordion Hits,by Starr Will,Audio CD,£10.99
Dafydd Iwan - Cyfrol 2,by Dafydd Iwan,Audio CD,£20.99
Gary Innes and Ewan Robertson - Shouts,by Gary Innes and Ewan Robertson,Audio CD,£20.99
Best Of Folk,by Various Artists,Audio CD,£3.59
Andy White - Songwriter,by Andy White,Audio CD,£5.99
Declan Nerney - Reflections,by Declan Nerney,Audio CD,£20.99
Coming Home on the Tide,by Celtic Heartbeat,Audio CD,£10.99
Angelo & Veronica - Not Enough,by Angelo & Veronica,Audio CD,£4.99
Various Artists - Reggae Love Songs,by Various Artists,Audio CD,£5.49
Nick Keir - Fishing Up the Moon,by Nick Keir,Audio CD,£20.99
Beenie Man - We All Are One,by Beenie Man,Audio CD,£11.99
Clannad - Crann Ull,by Clannad,Audio CD,£7.49
The Bevvy Sisters - Plan B,by The Bevvy Sisters,Audio CD,£20.99
Borders Young Fiddles - Borders Traditions,by Borders Young Fiddles,Audio CD,£7.99
Gowd & Silver,by Ronald Stevenson,Audio CD,£4.49
Musique Acadienne de L'Ile-du-Prince-Edouard (Acadian Music from Prince Edward Island),,Audio CD,£4.99
Dodos - Visiter,by Dodos,Audio CD,£4.49
Shamrock and Thistle,,Audio CD,£38.99
Richard Shindell - Somewhere Near Paterson,by Richard Shindell,Audio CD,£11.99
Claude Gray - The Tall Texan,by Claude Gray,Audio CD,£20.99
Jayme Stone - Jayme Stone's Folklife,by Jayme Stone,Audio CD,£6.99
Lou Barlow - Emoh,by Lou Barlow,Audio CD,£6.99
Deiseal - Musical Journey,by Deiseal,Audio CD,£50.99
John McCutcheon - Mail Myself to You,by John McCutcheon,Audio CD,£10.99
No Frontiers,,Audio CD,£3.99
Various - Raving Were Raving,by Various,Audio CD,£3.59
Valkyrien Allstars - Valkyrien Allstars,by Valkyrien Allstars,Audio CD,£11.99
Various - Disagreement of the People,by Various,Audio CD,£3.59
Kinlochard Ceilidh Ba - Spirit Of Freedom,by Kinlochard Ceilidh Ba,Audio CD,£3.99
Carnforth Station,by Jennifer Crook,Audio CD,£4.99
Tom Clelland - From a Garden of Songs. Songs from the poetry of Robert Louis Stevenson,by Tom Clelland,Audio CD,£16.99
Mumford & Sons - Babel,by Mumford & Sons,Audio CD,£4.49
Kamikaze Hearts - Oneida Road,by Kamikaze Hearts,Audio CD,£5.99
"Fureys, the - Drops of Brandy","by Fureys, the",Audio CD,£20.99
I Lift My Eyes,by Donnie Murdo MacLeod,Audio CD,£20.99
Maddie Morris - Upstream,by Maddie Morris,AudioCD,£20.99
The Kennedys - Better Dreams,by The Kennedys,Audio CD,£20.99
Josephine Foster - A Wolf in Sheep's Clothing,by Josephine Foster,Audio CD,£5.99
Various Artists - Caribbean Party,by Various Artists,Audio CD,£23.99
"Gardyne Chamber Ensemble, the - Music Inspired By Riverdance","by Gardyne Chamber Ensemble, the",Audio CD,£4.99
Solan - Northern Shore,by Solan,Audio CD,£7.99
Mick Groves - Still Spinning,by Mick Groves,Audio CD,£29.99
Ska Bop - Ska in the 21st Century,by Ska Bop,Audio CD,£5.49
"Hatzigiannis, Mihalis - Filoi Kai Ehthroi","by Hatzigiannis, Mihalis",Audio CD,£4.49
Over the Sky to See,by Amy Geddes/Sandy Wright,Audio CD,£4.49
"Portokaloglou, Nikos - Brazilero","by Portokaloglou, Nikos",Audio CD,£4.49
Todd Menton - Rosie In The Stars,by Todd Menton,Audio CD,£4.49
Viva Europop,by Various,Audio CD,£3.59
"Coulter, Phil - Celtic Tranquility","by Coulter, Phil",Audio CD,£5.49
The Fureys & Davey Arthur - The Green Fields Of France,by The Fureys & Davey Arthur,Audio CD,£17.99
Paddy Killoran & James Morrison - From Ballymote to Brooklyn,by Paddy Killoran & James Morrison,Audio CD,£20.99
Hendon Band - Hear My Prayer,by Hendon Band,Audio CD,£14.99
"Bucks, the - Dancin to the Ceili Band","by Bucks, the",Audio CD,£5.49
Various Artists - Mellow Jazz,by Various Artists,Audio CD,£3.59
Moulettes,by Moulettes,Audio CD,£4.49
A History Of Insolence,by Naomi Bedford,Audio CD,£6.49
On The Inside,by Wildflowers,Audio CD,£3.99
Dwight Yoakam - 21st Century Hits: Best of 2000 - 2012 (Bonus DVD),by Dwight Yoakam,Audio CD,£21.99
John Martyn - London Conversation,by John Martyn,Audio CD,£10.99
Kirsty MacColl - Fairytale of New York,by Kirsty MacColl,Audio CD,£4.99
Donovan - Rising,by Donovan,Audio CD,£20.99
Kris Drever & Boo Hewerdine - Last Man Standing EP,by Kris Drever & Boo Hewerdine,Audio CD,£5.49
Chaim Tannenbaum - Chaim Tannenbaum,by Chaim Tannenbaum,Audio CD,£4.99
Various Artists - Irish Showbands: the Greatest Hits Collection,by Various Artists,Audio CD,£19.99
Blue Rose Code - North Ten,by Blue Rose Code,Audio CD,£9.99
Sketches,by Natalie MacMaster,Audio CD,£5.49
Various Artists - Music Of The Middle Ages,by Various Artists,Audio CD,£3.59
Treetop Flyers - The Mountain Moves,by Treetop Flyers,Audio CD,£3.59
Ashley Hutchings - Street Cries,by Ashley Hutchings,Audio CD,£20.99
Saltfishforty - Netherbow,by Saltfishforty,Audio CD,£46.99
Eliza Carthy & Tim Eriksen - Bottle,by Eliza Carthy & Tim Eriksen,Audio CD,£6.99
Live@Folklore Centre Nyc March 6th,"by Buckley,Tim",Audio CD,£6.99
Shifting Gravel,,Audio CD,£3.59
Herbie Hancock - Bread & Roses Fest.1978 - Extended Version + Bonus Tracks,by Herbie Hancock,Audio CD,£7.99
The Once - Time Enough,by The Once,Audio CD,£6.99
Various Artists - The Tartan Chillout Album,by Various Artists,Audio CD,£3.59
Various Artists - BBC Folk Awards 2009,by Various Artists,Audio CD,£4.49
Anthony John Clarke - Sing A Chorus With Me: The Very Best Of Anthony John Clarke,by Anthony John Clarke,Audio CD,£5.99
Steve Earle - This Highways Mine,by Steve Earle,Audio CD,£3.59
Songs Of Inspiration,by Margo,Audio CD,£7.49
The Weavers - The Ultimate Collection,by The Weavers,Audio CD,£3.59
Megson - Take Yourself a Wife,by Megson,Audio CD,£3.59
Sons & Daughters - The Repulsion Box,by Sons & Daughters,Audio CD,£3.59
"Dylan, Bob - Time Out of Mind","by Dylan, Bob",Audio CD,£3.59
Barbara Dickson - B4 Seventy-Four - The Folkclub Tapes,by Barbara Dickson,Audio CD,£8.99
New Model Army - New Model Army BBC Radio 1,by New Model Army,Audio CD,£26.99
Devon Sproule - ¡Don't Hurry For Heaven!,by Devon Sproule,Audio CD,£3.59
Kings Of The South Seas - Kings Of The South Seas,by Kings Of The South Seas,Audio CD,£5.49
Stan Rogers - Home in Halifax,by Stan Rogers,Audio CD,£20.99
Brannigan Owen - Sings Scottish and Newcastle,by Brannigan Owen,Audio CD,£14.99
Orkney Twister,,Audio CD,£7.49
Emmylou Harris - Elite Hotel,by Emmylou Harris,Audio CD,£3.59
Darwin Deez - DOUBLE DOWN,by Darwin Deez,Audio CD,£3.59
Once - Departures,by Once,Audio CD,£4.49
Emmylou Harris - Pieces Of The Sky,by Emmylou Harris,Audio CD,£3.59
Kirtana - This Embrace,by Kirtana,Audio CD,£10.99
Sara Grey - Sandy Boys,by Sara Grey,Audio CD,£25.99
Kate Campbell - Rosaryville,by Kate Campbell,Audio CD,£3.59
Bruce Cockburn - Mummy Dust,by Bruce Cockburn,Audio CD,£14.99
"Stills, Stephen - Illegal Stills","by Stills, Stephen",Audio CD,£4.49
Will Finn & Rosie Calvert - Beneath This Place,by Will Finn & Rosie Calvert,Audio CD,£3.99
Fureys and Bob Stewart - Tomorrow We Part,by Fureys and Bob Stewart,Audio CD,£17.99
Dave Burland And The Awkward Squad - Okkard,by Dave Burland And The Awkward Squad,Audio CD,£6.99
Nancy Kerr & James Fagan - Steely Water,by Nancy Kerr & James Fagan,Audio CD,£11.99
"Bootleg Series, The Volumes 1-3 (Rare & Unreleased) 1961-91","by Dylan, Bob",Audio CD,£15.99
Tony Mcmanus - Porquois Quebec,by Tony Mcmanus,Audio CD,£3.59
"Angie Palmer - Meanwhile, As Night Falls...",by Angie Palmer,Audio CD,£3.59
Lomond Ceilidh Band (The) - In Full Swing,by Lomond Ceilidh Band (The),Audio CD,£3.99
La Corte de Faraon - La Corte de Faraon,by La Corte de Faraon,Audio CD,£3.59
Through Tenderwood,"by Kelly, Paul Austin/Richard Durrant",Audio CD,£5.49
Principal Edwards Magic Theatre - The Asmoto Running Band,by Principal Edwards Magic Theatre,Audio CD,£8.49
"Thompson, Richard - Live, Love, Larf & Loaf","by Thompson, Richard",Audio CD,£46.99
Margaret Stewart & Allan MacDonald - Colla Mo Run,by Margaret Stewart & Allan MacDonald,Audio CD,£7.49
Elephant Micah - Vague Tidings,by Elephant Micah,Audio CD,£20.99
Natalie MacMaster - Compilation,by Natalie MacMaster,Audio CD,£6.49
"Drever, Ivan - Four Walls","by Drever, Ivan",Audio CD,£10.99
Aidan Knight - Each Other,by Aidan Knight,Audio CD,£4.99
Gladys Leap,,Audio CD,£26.99
Donal Lunny - Journey: The Best of Donal Lunny,by Donal Lunny,Audio CD,£3.59
Roaring Jelly & Michael Hebbert - Golden Grates And The Rampin' Cat,by Roaring Jelly & Michael Hebbert,Audio CD,£73.99
Fonnsheen,by Davidson Fiona,Audio CD,£4.49
The Black Family - Time for Touching Home,by The Black Family,Audio CD,£4.99
"Weavers, The - Best of the Vanguard Years","by Weavers, The",AudioCD,£5.49
Laish - Time Elastic,by Laish,Audio CD,£5.99
Jack Geordie & Caledonia - Scotch On The Rocks,by Jack Geordie & Caledonia,Audio CD,£4.49
Genticorum - La Bibournoise,by Genticorum,Audio CD,£3.99
Ranagri - Playing for Luck,by Ranagri,Audio CD,£20.99
Fairport Convention - Live at Cropredy 2008,by Fairport Convention,Audio CD,£25.99
Wailin' Jennys - Firecracker,by Wailin' Jennys,Audio CD,£7.49
Pete Coe - Long Company,by Pete Coe,Audio CD,£7.49
Metheny - Images of Metheny,by Metheny,Audio CD,£5.49
Billy Bennington - The Barford Angel,by Billy Bennington,Audio CD,£20.99
The Ceilidh King,,Audio CD,£9.99
Macdonald Fergie - Jiggy-Jig,by Macdonald Fergie,Audio CD,£20.99
Dan the Street Singer - Strolling Along Memory Lane,by Dan the Street Singer,Audio CD,£5.49
Various - A Woman's Voice: First ...,by Various,Audio CD,£3.59
Old Friends & Exhausted Enemies,by Luke Daniels,Audio CD,£7.99
Mawkin Causley - Mawkin:Causley - Cold Ruin,by Mawkin Causley,Audio CD,£7.49
Sinead Lohan - To Ramona,by Sinead Lohan,Audio CD,£7.49
Monster Ceilidh Band - Charge,by Monster Ceilidh Band,Audio CD,£10.99
Behind the Closed Eye,by Anuna,Audio CD,£11.99
John Faulkner - Kind Providence,by John Faulkner,Audio CD,£4.99
Star Accordion Band - Scottish Dance Favourites,by Star Accordion Band,Audio CD,£20.99
Blazin' Fiddles - Live,by Blazin' Fiddles,Audio CD,£6.49
Treetop Flyers - Treetop Flyers,by Treetop Flyers,Audio CD,£6.99
Dougie Maclean - Live from the Ends of the Earth,by Dougie Maclean,Audio CD,£4.99
Bear's Den - Agape,by Bear's Den,Audio CD,£3.59
Seanchas,,Audio CD,£20.99
"Fagan, James - Twice Reflected Sun","by Fagan, James",Audio CD,£10.99
Gideon Gaye,,Audio CD,£3.59
Coope Boyes & Simpson - Private Peaceful,by Coope Boyes & Simpson,Audio CD,£4.99
Matt Berry - Kill the Wolf,by Matt Berry,Audio CD,£8.49
Peter Morrison - The Peter Morrison Collection,by Peter Morrison,Audio CD,£8.49
Ruth Notman - The Life Of Lilly,by Ruth Notman,Audio CD,£4.49
HEATHER FINDLAY TRIO - ACES & EIGHTS - A NIGHT IN THE SALOON BAR,by HEATHER FINDLAY TRIO,Audio CD,£20.99
Ghetto Priest - Vulture Culture,by Ghetto Priest,Audio CD,£20.99
Sweeter,,Audio CD,£3.59
Hannah James & Sam Sweeney - State And Ancientry,by Hannah James & Sam Sweeney,Audio CD,£5.49
Various Artists - Scotland's Voices,by Various Artists,Audio CD,£3.99
Business as Usual,by Roy Bailey,Audio CD,£7.49
Lucy Ward - Pretty Warnings,by Lucy Ward,Audio CD,£20.99
Rachel Unthank & The Winterset - The Bairns,by Rachel Unthank & The Winterset,Audio CD,£9.99
Various - Hacienda-Viva 15 Years of,by Various,Audio CD,£20.99
Joe Cooley - Cooley,by Joe Cooley,Audio CD,£7.99
John Smith - The Fox And The Monk,by John Smith,Audio CD,£3.99
Unknown artist - The Northumbria Anthology - from Tees to Tyne,by Unknown artist,Audio CD,£3.59
Ben Watt - Hendra,by Ben Watt,Audio CD,£4.99
India Electric Co. - Tablelands,by India Electric Co.,Audio CD,£5.49
Catriona McKay - Laebrack,by Catriona McKay,Audio CD,£5.99
Across the Waters,by Fridarey,Audio CD,£5.99
Isla Grant - Childhood Memories,by Isla Grant,Audio CD,£14.99
Rory McLeod - Gusto!,by Rory McLeod,Audio CD,£10.99
Mary Black - The Collection,by Mary Black,Audio CD,£3.59
Alex Sutherland - Scottish Party Singalong,by Alex Sutherland,Audio CD,£8.49
Richard Thompson - 1000 Years Of Popular Music,by Richard Thompson,Audio CD,£5.49
Blackheart - Songs From A Satellite,by Blackheart,Audio CD,£4.99
Anthology,by Sonja Kristina,Audio CD,£20.99
The Exmouth Shanty Men - Tall Ships And Tavern Tales (2CD),by The Exmouth Shanty Men,Audio CD,£20.99
Dominic Kirwan - A Little Bit More,by Dominic Kirwan,Audio CD,£3.59
Various Artists - 5029836003028 Various Artists - Cma Awards Collection (UK Import),by Various Artists,Audio CD,£3.59
Various - Line Dance Fever 4,by Various,Audio CD,£3.59
Ewan MacColl - The Essential Recordings,by Ewan MacColl,Audio CD,£20.99
Richard Thompson - Live From Austin TX (Bonus DVD),by Richard Thompson,Audio CD,£12.99
"Various Artists - The Holy Ground; Irish Folk Collection: Includes: Carrickfergus, Mursheen Durkin,",by Various Artists,Audio CD,£9.99
Notes & Rhymes (Limited 2 Disc Edition),by Proclaimers,Audio CD,£20.99
Audra Mae & The Almighty Sound - Audra Mae & The Almighty Sound,by Audra Mae & The Almighty Sound,Audio CD,£20.99
Bob Dylan - Tempest (Deluxe),by Bob Dylan,Audio CD,£4.49
Baggariddim,by UB 40,Audio CD,£3.59
Libertango,,Audio CD,£4.49
Don McLean - The Bottom Line April '74,by Don McLean,Audio CD,£20.99
Various - Thin Ice 2: The Second Shiver,by Various,Audio CD,£3.59
Ishbel Macaskill - Sìoda,by Ishbel Macaskill,Audio CD,£10.99
Siobhan Miller - Flight Of Time,by Siobhan Miller,Audio CD,£15.99
Romanzas de Zarzuela - Romanzas de Zarzuela,by Romanzas de Zarzuela,Audio CD,£20.99
Bob Lind - Something Worse Than Loneliness,by Bob Lind,Audio CD,£8.99
Emily Smith - Echoes,by Emily Smith,Audio CD,£10.99
John Martyn - One World,by John Martyn,Audio CD,£20.99
Chris Wood - Trespasser,by Chris Wood,Audio CD,£3.59
The Mother Of All Morris,by Various Artists,Audio CD,£5.49
Altan - Island Angel,by Altan,Audio CD,£3.99
Show Of Hands - Lie Of The Land,by Show Of Hands,Audio CD,£5.49
Phil Beer - Rhythm Methodist,by Phil Beer,Audio CD,£5.99
Joan Baez - The First Lady Of Folk 1958-1961,by Joan Baez,Audio CD,£5.99
"Slick, Grace - Grace Slick & The Great Society","by Slick, Grace",Audio CD,£8.49
Current 93 - Of Ruine Or Some Blazing Starre,by Current 93,Audio CD,£20.99
Sit Thi Deawn,by Houghton Weavers,Audio CD,£20.99
Women Of The World,by Chris While And Julie Matthews,Audio CD,£10.99
The Joy Of Living,by Jackie Oates,Audio CD,£9.99
Passenger - All The Little Lights,by Passenger,Audio CD,£3.59
Bella Hardy - Night Visiting,by Bella Hardy,Audio CD,£9.99
Martin Carthy - Landfall,by Martin Carthy,Audio CD,£6.49
Faustus - Broken Down Gentlemen,by Faustus,Audio CD,£8.49
Essential Martin Carthy,by Martin Carthy,Audio CD,£12.99
Show Of Hands - Backlog,by Show Of Hands,Audio CD,£10.99
Tony McManus - Ceol More,by Tony McManus,Audio CD,£3.59
Megan Henwood - Making Waves,by Megan Henwood,Audio CD,£8.99
Andrew Bird - Hands Of Glory,by Andrew Bird,Audio CD,£5.99
"Ashley Hutchings, Becky Mills & Blair Dunlop - A Midwinter Miscellany","by Ashley Hutchings, Becky Mills & Blair Dunlop",Audio CD,£10.99
Rachel Newton - To The Awe,by Rachel Newton,Audio CD,£5.49
Donovan - 1965,by Donovan,Audio CD,£20.99
Alan Lomax/ed Mccurdy - Cowboy Songs of the Old West,by Alan Lomax/ed Mccurdy,Audio CD,£4.99
"Goons, the - The Goon Show Vol. 10 - You Can't Get the Wood, You Know!","by Goons, the",Audio CD,£3.59
"Kevin McDermott & Ralph Richey - Music from the Works of James Joyce (Kevin McDermott, Tenor. Ralph",by Kevin McDermott & Ralph Richey,Audio CD,£20.99
"Wigmore, Gin - Blood To Bone","by Wigmore, Gin",Audio CD,£12.99
Edwina Hayes - Pour Me A Drink,by Edwina Hayes,Audio CD,£14.99
The Alexander Brothers - A Toast From Scotland,by The Alexander Brothers,Audio CD,£3.59
Nanna,by Xavier Rudd & The United,Audio CD,£12.99
The Muppets - John Denver & The Muppets: A Christmas Together,by The Muppets,Audio CD,£5.99
Various Artists - Northumberland Rant: Traditional Music from the Edge of England,by Various Artists,Audio CD,£20.99
Jackie Oates - Saturnine,by Jackie Oates,Audio CD,£3.59
Ginger Wildheart - Albion,by Ginger Wildheart,Audio CD,£8.49
Moulettes - Constellations,by Moulettes,Audio CD,£3.59
Bill Jones - Turn to Me,by Bill Jones,Audio CD,£3.59
"Jerry Douglas, Russ Barenberg & Edgar Meyer - Skip, Hop & Wobble","by Jerry Douglas, Russ Barenberg & Edgar Meyer",Audio CD,£12.99
John Renbourn - Joint Control,by John Renbourn,Audio CD,£10.99
"Barely Works, the - Don't Mind Walking","by Barely Works, the",Audio CD,£3.59
Glasgow Alex - Now & Then: The Songs Of Alex Glasgow,by Glasgow Alex,Audio CD,£5.49
Sydney Devine - Nashville Country,by Sydney Devine,Audio CD,£3.99
Moulettes - The Bears Revenge,by Moulettes,Audio CD,£3.59
Solo : Duo : Trio,by Luke Jackson,Audio CD,£20.99
The Bonny Bunch Of Roses / Tipplers Tales,by Fairport Convention,Audio CD,£57.99
Josienne Clarke & Ben Walker - Fire & Fortune,by Josienne Clarke & Ben Walker,Audio CD,£21.99
Willie Nile - Positively Bob: Willie Nile Sings Bob Dylan,by Willie Nile,Audio CD,£12.99
Geoff Lakeman - After All These Years,by Geoff Lakeman,Audio CD,£3.99
Catherine MacLellan - If It's Alright With You - The Songs Of Gene MacLellan,by Catherine MacLellan,Audio CD,£4.49
Marc Brierley - Hello,by Marc Brierley,Audio CD,£12.99
Calan - Solomon,by Calan,Audio CD,£4.49
Faustus - Death And Other Animals,by Faustus,Audio CD,£8.99
Smoke Fairies - Through Low Light And Trees,by Smoke Fairies,Audio CD,£3.59
Shannon Sharon - Spellbound: The Best of Sharon Shannon,by Shannon Sharon,Audio CD,£3.59
The Albion Band - The Vice Of The People,by The Albion Band,Audio CD,£13.99
Hamish Imlach - Cod Liver Oil and Orange Juice - The Transatlantic Anthology,by Hamish Imlach,Audio CD,£20.99
Chris Wood - None The Wiser,by Chris Wood,Audio CD,£7.99
Various - Renaissance: The Mix Collection Part 3,by Various,Audio CD,£11.99
Eleanor McEvoy - The Thomas Moore Project,by Eleanor McEvoy,Audio CD,£4.49
O'Hooley & Tidow - Shadows,by O'Hooley & Tidow,Audio CD,£4.49
Ben Walker - Banish Air From Air,by Ben Walker,Audio CD,£20.99
"James, Hannah / Kuhn, Toby - Sleeping Spirals","by James, Hannah / Kuhn, Toby",Audio CD,£9.99
Coolfin,"by Lunny, Donal",Audio CD,£3.59
Naomi Bedford & Paul Simmonds - Singing It All Back Home - Appalachian Songs of English & Scottish O,by Naomi Bedford & Paul Simmonds,Audio CD,£11.99
O'Hooley & Tidow - The Hum,by O'Hooley & Tidow,Audio CD,£4.49
Megson - The Longshot,by Megson,Audio CD,£3.99
Phillip Henry & Hannah Martin - Watershed,by Phillip Henry & Hannah Martin,Audio CD,£8.49
Show Of Hands - Live 92,by Show Of Hands,Audio CD,£20.99
Mary Black - The Holy Ground,by Mary Black,Audio CD,£5.99
Maddy Prior and Friends - The Quest,by Maddy Prior and Friends,Audio CD,£20.99
Change Everything,by Del Amitri,Audio CD,£4.49
Richard Shindell - Blue Divide,by Richard Shindell,Audio CD,£4.49
Bob & Ron Copper - Traditional Songs From Rottingdean,by Bob & Ron Copper,Audio CD,£5.49
Megson - Contradicshun,by Megson,Audio CD,£20.99
Flower of Scotland,by The Corries,Audio CD,£20.99
"Griffith, Nanci - Wings to Fly & A Place to Be","by Griffith, Nanci",Audio CD,£3.59
Mary Black - Looking Back,by Mary Black,Audio CD,£7.99
Eric Bibb - Blues People,by Eric Bibb,Audio CD,£9.99
Barbara Dickson & Rab Noakes - Reunited,by Barbara Dickson & Rab Noakes,Audio CD,£4.99
A.L. Lloyd - An Evening With A.L. Lloyd,by A.L. Lloyd,Audio CD,£3.59
Rachel Sermanni - Tied To The Moon,by Rachel Sermanni,Audio CD,£9.99
Various - Soul Nights,by Various,Audio CD,£3.59
Memorial - Memorial,by Memorial,Audio CD,£7.49
Moore Moss Rutter - Moore Moss Rutter,by Moore Moss Rutter,Audio CD,£3.99
Dave Swarbrick & Simon Nicol - When We Were Very Young,by Dave Swarbrick & Simon Nicol,Audio CD,£20.99
The Spooky Men's Chorale - Warm,by The Spooky Men's Chorale,Audio CD,£20.99
Arianna Savall - Bella Terra,,Audio CD,£4.49
Martha Tilston - Machines Of Love And Grace,by Martha Tilston,Audio CD,£20.99
Jez Lowe - The Ballad Beyond,by Jez Lowe,Audio CD,£28.99
Lark Rise to Candleford,,Audio CD,£4.99
Lucy Ward - Adelphi Has To Fly,by Lucy Ward,Audio CD,£3.59
Moving In The Dark,by Dizraeli And The Small Gods,Audio CD,£3.99
Frode Haltli - Avant Folk,by Frode Haltli,Audio CD,£7.99
The Gentle Good - Ruins and Adfeilion,by The Gentle Good,Audio CD,£20.99
Mishaped Pearls - Shivelight,by Mishaped Pearls,Audio CD,£20.99
Bottlenecks And Armb,by Session A9,Audio CD,£4.99
Jez Lowe & The Bad Pennies - Wotcheor,by Jez Lowe & The Bad Pennies,Audio CD,£20.99
Margo - Margo & Friends,by Margo,Audio CD,£20.99
Various - Christmas Love Songs,by Various,Audio CD,£3.99
Michael Chapman - And Then There Were Three,by Michael Chapman,Audio CD,£22.99
Fairport Convention - Red & Gold,by Fairport Convention,Audio CD,£5.49
Mary Hampton - My Mother's Children,by Mary Hampton,Audio CD,£3.59
Steve Wickham - Geronimo,by Steve Wickham,Audio CD,£20.99
Kit Hawes & Aaron Catlow - Pill Pilots,by Kit Hawes & Aaron Catlow,Audio CD,£8.49
Bruce Cockburn - Bruce Cockburn,by Bruce Cockburn,Audio CD,£14.99
"Dane, Barbara - When I Was a Young Girl","by Dane, Barbara",Audio CD,£51.99
Daibhidh Martin - Haunted Bird,by Daibhidh Martin,Audio CD,£6.99
Blitzen Trapper - Field Rexx,by Blitzen Trapper,Audio CD,£7.49
Love Someone Like Me,,Audio CD,£3.99
John Kirkpatrick - The Complete John Kirkpatrick Band,by John Kirkpatrick,Audio CD,£20.99
Row Upon Row Of The People They Know,by The Once,Audio CD,£20.99
Odin Dragonfly - Offerings (Remastered),by Odin Dragonfly,Audio CD,£5.49
Various - Explosive Fiddlers,by Various,Audio CD,£3.59
John Spillane - The Man Who Came In From The Dark,by John Spillane,Audio CD,£13.99
Paddy O'Brien - Paddy O'Brien - The Songs I Like to Sing,by Paddy O'Brien,Audio CD,£8.99
Rose Marie Sings Just for You,,Audio CD,£4.49
Dandelion,by Becky Mills,Audio CD,£7.99
Peter Walker - Rainy Day Raga,by Peter Walker,Audio CD,£20.99
Essential Dyke Volume 5,by Nicholas Childs (Conductor),Audio CD,£6.49
Loren Auerbach With Bert Jansch - Colours Are Fading Fast,by Loren Auerbach With Bert Jansch,Audio CD,£20.99
The York Waits - The Punk's Delight,by The York Waits,Audio CD,£7.49
Marc Ellington - A Question Of Roads,by Marc Ellington,Audio CD,£20.99
The Chrono Show,by Richard Thompson,Audio CD,£25.99
Astrud Gilberto - Ultimate Jazz & Blues: Astrud Gilberto,by Astrud Gilberto,Audio CD,£3.59
North Sea Gas - Edinburgh Toon,by North Sea Gas,Audio CD,£8.99
Dar Williams - Honesty Room/Mortal City,by Dar Williams,Audio CD,£3.59
Lucy Wainwright - Lucy,by Lucy Wainwright,Audio CD,£20.99
Stoned Alchemy: 27 Originals That Inspired The Rolling Stones,by Various Artists,Audio CD,£3.59
Finbar and Eddie Furey/Lonesome Boatman,by Finbar & Eddie Furey,Audio CD,£14.99
Live At Last!/Sails Of Silver,by Steeleye Span,Audio CD,£20.99
Hatful Of Rain - The Morning Key,by Hatful Of Rain,Audio CD,£4.49
Various Artists - Drum & Bass Arena Winter Selection 2013,by Various Artists,Audio CD,£12.99
"Kay, Janet - Silly Games","by Kay, Janet",Audio CD,£36.99
Frankie Armstrong - Garden Of Love,by Frankie Armstrong,Audio CD,£6.99
Jim Macleod - The Nice & Easy Collection,by Jim Macleod,Audio CD,£6.49
Songs Of Inspiration,by Alexander Brothers,Audio CD,£3.59
Iain Matthews - The Art Of Obscurity,by Iain Matthews,Audio CD,£9.99
Various Artists - Short Sharp Shanties Volume 1,by Various Artists,Audio CD,£20.99
Various - Rough Guide to Irish Music,by Various,Audio CD,£3.99
